created_at,tweet_id,tweet,likes,retweet_count,source,user_id,user_name,user_screen_name,user_description,user_join_date,user_followers_count,user_location,lat,long,city,country,continent,state,state_code,collected_at
2020/10/15 00:00,1.32E+18,"#Elecciones2020 | En #Florida: #JoeBiden dice que #DonaldTrump solo se preocupa por Ã©l mismo. El demÃ³crata fue anfitriÃ³n de encuentros de electores en #PembrokePines y #Miramar. Clic AQUÃ â¬‡ï¸â¬‡ï¸â¬‡ï¸
â €
ğŸŒhttps://t.co/qhIWpIUXsT
_
#ElSolLatino #yobrilloconelsol https://t.co/6FlCBWf1Mi",0,0,TweetDeck,360666534,El Sol Latino News,elsollatinonews,"ğŸŒ Noticias de interÃ©s para latinos de la costa este de #EEUU
â €â¹ï¸ Facebook e Instagram
â €ğŸ™ï¸ Philadelphia: /elsollatinonewspaper
â €ğŸŒ… Miami: /elsollatinonewsmiami",2011/8/23 15:33,1860,"Philadelphia, PA / Miami, FL",25.77427,-80.19366,,United States of America,North America,Florida,FL,2020/10/21 00:00
2020/10/15 00:00,1.32E+18,#HunterBiden #HunterBidenEmails #JoeBiden #JoeBidenMustStepDown https://t.co/9enmxWvePm,0,0,Twitter for iPad,809904438,Cheri A. ğŸ‡ºğŸ‡¸,Biloximeemaw,"Locked and loaded Meemaw. Love God, my family and my country. I will fight til my last breath for my children and grand children's freedoms. Trump2020",2012/9/8 01:03,6628,,,,,,,,,00:00.5
2020/10/15 00:00,1.32E+18,"@IslandGirlPRV @BradBeauregardJ @MeidasTouch This is how #Biden made his ! #TrumpIsNotAmerica !
https://t.co/uBqAFU86Ip",0,0,Twitter Web App,3494182277,Flag Waver,Flag_Wavers,,2015/8/30 19:38,1536,Golden Valley Arizona,46.3040364,-109.1714312,,United States of America,North America,Montana,MT,00:01.0
2020/10/15 00:00,1.32E+18,@chrislongview Watching and setting dvr. Letâ€™s give him bonus ratings!! #JoeBiden,0,0,Twitter for iPhone,8.24E+17,Michelle Ferg,MichelleFerg4,,2017/1/25 14:16,27,,,,,,,,,00:01.6
2020/10/15 00:00,1.32E+18,#censorship #HunterBiden #Biden #BidenEmails #BidenEmail #Corruption https://t.co/C6clrtshQl,1,0,Twitter Web App,1.03E+18,the Gold State,theegoldstate,"A Silicon Valley #independent #News #Media #Startup
 *If you have any tips you'd like us to cover, please DM or tag us*",2018/8/24 01:49,390,"California, USA",36.7014631,-118.7559974,,United States of America,North America,California,CA,00:02.1
2020/10/15 00:00,1.32E+18,"""IS THIS WRONG??!!"" Cory Booker's BRILLIANT Final Questioning of Trump Nominee Amy Coney Barrett https://t.co/gCTvVLl4CS
#AmyConeyBarrett #CoryBooker #Barrett #Booker #Trump #KamalaHarris #JoeBiden #SCOTUS #SupremeCourtConfirmation",0,0,Twitter Web App,305727891,Dose of Dissonance,Dose_Dissonance,YOUTUBE CHANNEL: https://t.co/EFnKm5gnvV MERCHANDISE: https://t.co/FGCY7YPDGk,2011/5/26 18:09,4622,,,,,,,,,00:02.6
2020/10/15 00:00,1.32E+18,"In 2020, #NYPost is being #censorship #CENSORED by Twitter to manipulate a US election in favor of #JoeBiden and against #Trump.

but CCP from #China or porn on Twitter? 

Thatâ€™s always been fine for @jack @vijaya @dickc @KatieS.

@marciadorsey is @jack sick?",0,0,Twitter for iPhone,19940334,Change Illinois | Biden will increase taxes by $4T,changeillinois,"Illinois, home of Lincoln and Reagan, used to be crossroads of America. Now, it's epicenter of political mafia, corruption and #ChicagoWay. #ChangeIllinois",2009/2/2 23:08,1397,"Chicago, Illinois",41.8755616,-87.6244212,Chicago,United States of America,North America,Illinois,IL,00:03.1
2020/10/15 00:00,1.32E+18,â–ºâ–º Tell Politicians to STICK IT with this FREE Item! â–ºâ–º https://t.co/sua2FPNJTS â–ºâ–º #2020 #Biden #Deomocrat #Election #Politician #Politics #President #Republican #Trump #VPDebate â–ºâ–º @FreebieDepot https://t.co/QTRW3eMtd0,0,0,Freebie-Depot,103083214,ğŸ†“ Freebie Depot,FreebieDepot,"Free Stuff - No Fluff!  Get all kinds of FREE Stuff, FREE Samples, FREE Calendars, FREE Coupons, FREE, FREE, FREE! #freebies #freestuff #free #frugal #samples",2010/1/8 20:44,6402,USA - Land of the FREE!,,,,,,,,00:03.6
2020/10/15 00:00,1.32E+18,#Biden https://t.co/qMs0PmUev5,0,0,Twitter Web App,1.27E+18,Kenneth,Kennethuteliv,,2020/6/15 16:35,103,,,,,,,,,00:04.1
2020/10/15 00:00,1.32E+18,"Proof  Bidens are crooked. Twitter will suspend me for sharing https://t.co/LUbPCbROEp
#Biden
#crookedBiden
#ukraniancollusion 
#Democrats
#HunterBidenEmails",1,1,Twitter for Android,1.28E+18,Jake Rivendale,JakeRivendale,,2020/6/24 05:15,80,,,,,,,,,00:04.7
2020/10/15 00:00,1.32E+18,"Now Open! Create a FREE U.S. Election Pick'em Pool. Add some excitement to the potential chaos. Pick who you think will become President, who will win the Swing States, the popular vote, and more!
ğŸ‡ºğŸ‡²https://t.co/W6FKnaXVMT
#MAGA2020 #Trump #Biden #Politics #USElection2020 https://t.co/NwNfiZsy53",0,0,Hootsuite Inc.,21932049,OfficePools.com,officepools_com,Visit https://t.co/CdmWfqRMIS to play now! #fantasyhockey #fantasysports #hockeypool #footballpool #NHLpool #golfpool,2009/2/25 22:52,967,,,,,,,,,00:05.2
2020/10/15 00:00,1.32E+18,"FBI Allegedly Obtained Hunter Biden Computer, Data on Ukraine Dealings, Report Claims #JoeBiden #HunterBiden https://t.co/pDNmB0NqRU",0,0,Twitter for Android,9.61E+17,RLCompton,NewfoundStudio,"""There are things known and there are things unknown, and in between are the doors of perception."" Aldous Huxley",2018/2/6 04:55,266,"Kentucky, USA",37.5726028,-85.1551411,,United States of America,North America,Kentucky,KY,00:05.7
2020/10/15 00:01,1.32E+18,#JoeBiden was the point man https://t.co/dOTKamtths,0,1,Twitter for Android,1.24E+18,Lilmissnoname,TwiggyTulip65,Proud Republican who loves God and my Country. I stand for our Flag and respect and back the Blue.,2020/3/18 13:28,190,,,,,,,,,00:06.2
2020/10/15 00:01,1.32E+18,Yâ€™all Just Locking Up Accounts Cause YALL Dont Want The Truth To Come Out About #Biden Thatâ€™s Crazy Af https://t.co/uNvYFeVTU9,0,0,ReverbNation,83410481,ğŸ†â•TÃ¿Ã‡kÃ˜ğŸ‡§ğŸ‡¸ ğŸ²ğŸ‰ğŸ¦‚â™ï¸,HipHopMatrix,#ARAWAK (https://t.co/l15AfNW4e6) (IG:Tycko_Lightbourne) (https://t.co/pvLhNydoZo)(https://t.co/sBScPksl8L) (JahSonTycko88@gmail.com),2009/10/18 18:07,4373,H-Town,,,,,,,,00:06.7
2020/10/15 00:01,1.32E+18,@tedcruz @cc125 #Trump2020 #BLM #obama #VoteRed #BidenHarris2020 #Blacklivesmatter #mikepence #Debates2020 #KamalaHarris #KamalaHarrisVP #biden #riots #hunterbidden #AOC #Trump #IlhanOmar #gavinnewsom #tedwheeler #GretchenWhitmer &gt;&gt; This is only the begining its going to get worse! https://t.co/jcccPhWtgY,1,0,Twitter Web App,1.31E+18,Infamous One,InfamousOne13,"""The company you keep can have a major impact on your life."" 
 - Semper Fi -",2020/9/27 02:14,360,,,,,,,,,00:07.3
2020/10/15 00:01,1.32E+18,#IceCube isnâ€™t a sellout how long are black people going to vote for Democrats and they do nothing for us look up what #Democrats really mean it means satan #JoeBiden admitted to #Pedophilia  #TRUMP2020ToSaveAmerica https://t.co/uAI1Iw07i5,1,1,Twitter for iPhone,285131934,ğ“ğ“µğ“®ğ”ğ“²ğ“ª ğ“œğ“ªğ“»ğ“²ğ“®ğ“®ğŸ§˜ğŸ¾â€â™€ï¸ğŸ¦‹âœ¨,alexiamariee_,snap: ğ’œğ“ğ‘’ğ“ğ’¾ğ’¶ğ“‚ğ’¶ğ“‡ğ’¾ğ‘’ğŸ¤ğŸ¨ ig: ğ’œğ“ğ‘’ğ“ğ’¾ğ’¶ğ“‚ğ’¶ğ“‡ğ’¾ğ‘’ğ‘’. ğŸ•ŠğŸ™ğŸ¾Kavoucia Davis. #studentnurse â˜¤/ #futurerealatorğŸš,2011/4/20 15:50,582,ğŸ‡¨ğŸ‡±ğŸ‡§ğŸ‡¸,,,,,,,,00:08.3
2020/10/15 00:01,1.32E+18,"BREAKING â€” Twitter Safety account provides info on why they have taken action against #NYPost story / article link that discusses #JoeBiden and his son #HunterBiden.

#Censorship #Facebook #Maga https://t.co/53FSqcW6Cr",1,1,Twitter for iPhone,1.25E+18,Insider Paper,TheInsiderPaper,"Insider Paper is your source to real news from around the globe. The site covers Breaking news, Tech News, Business News and Politics News",2020/4/6 18:09,1200,,,,,,,,,00:07.8
2020/10/15 00:01,1.32E+18,"Comments on this? ""Do Democrats Understand how Ruthless China is?"" https://t.co/QevK00yhs3 #China #HunterBiden #JoeBiden #BidenHarris #BidenHarris2020 #TrumpPence2020 #Trump #realDonaldTrump #WTO #coronavirus #trade https://t.co/Wjm1hyTFNZ",0,0,Twitter Web App,101659277,John Ubaldi,ubaldireports,Just Facts... No Fiction on domestic and global political issues.,2010/1/4 04:34,83,"Tampa, Florida",27.9477595,-82.458444,Tampa,United States of America,North America,Florida,FL,00:08.8
2020/10/15 00:01,1.32E+18,https://t.co/khrZuHsrQI here is #JoeBiden admitting to it,0,0,Twitter Web App,9.33E+17,4u2,whipit_Studio,,2017/11/22 03:09,11,,,,,,,,,00:09.3
2020/10/15 00:01,1.32E+18,Iâ€™m going to share things I like about Biden more. You should too. #BidenCares #Biden #ChickenTrump #KamalaHarris https://t.co/nBTI228sa2,0,0,Twitter for iPhone,915369254,Sammy McCarty,SammyTMcCarty,Sammy priorities 1) Laborâ€™s rights 2) women's rights 3)Prison reform/marijuana legalization 4)Lions football,2012/10/30 19:50,394,"Rosemount, MN",,,,,,,,00:09.8
2020/10/15 00:01,1.32E+18,#HunterBiden #HunterBidenEmails #JoeBiden #JoeBidenMustStepDown https://t.co/R09rW36Qu8,0,1,Twitter for iPad,809904438,Cheri A. ğŸ‡ºğŸ‡¸,Biloximeemaw,"Locked and loaded Meemaw. Love God, my family and my country. I will fight til my last breath for my children and grand children's freedoms. Trump2020",2012/9/8 01:03,6628,,,,,,,,,00:10.4
2020/10/15 00:01,1.32E+18,"In an effort to find the truth about allegations that @Twitter isn't allowing people to share the link to a @nypost article about Hunter Biden, this is what popped up #NYPost #HunterBiden #Biden #Election2020 https://t.co/yYImdZrOKz",1,0,Twitter Web App,1.17E+18,The Big Homie,_dbrown_23,"#YAHDOG Posse's Top Guy.
@illinivideo
@Illinois_Alma @UIJournalism '23 ğŸ”¶, @ParklandCollege '21 ğŸ
Previous work: @WGCYRadio.",2019/8/24 04:25,954,"Champaign, IL",40.1164205,-88.2433829,,United States of America,North America,Illinois,IL,00:10.9
2020/10/15 00:01,1.32E+18,Twitter is doing everything they can to help Democrats win the election. Making sure nobody sees a negative story about Biden. Only Negative stories on Trump. #TwitterCensorship #Biden #Ukraine #HunterBiden https://t.co/dbLKQBMvRU,1,0,Twitter for iPhone,1.14E+18,Wynward,Joelwhct,,2019/6/15 18:24,2,"Hollywood, FL",34.0980031,-118.329523,Los Angeles,United States of America,North America,California,CA,00:11.4
2020/10/15 00:01,1.32E+18,#JoeBiden calls him a lier and then insults him for being overweight.  Biden shows his low IQ daily.  Maybe Joe should hold town halls in kindergarten.  Heâ€™ll be amongst equals and no one will say anything when he takes his afternoon nap https://t.co/Mr2nh102nG,0,0,Twitter for iPhone,828359293,Andy ğŸ‡ºğŸ‡¸,VandyRick,,2012/9/17 04:52,15,United States,39.7837304,-100.4458825,,United States,North America,,,00:11.9
2020/10/15 00:01,1.32E+18,"@ProjectLincoln @nypost VOTE wisely.
and by wisely I mean for JOEâ€¦ or else
we will have to see on t.v. forâ€¦.

#JoeBiden @JoeBiden https://t.co/HB1kGUOdZT",30,4,Twitter Web App,54361678,Ginger Kitty,icecreamonacone,"I'm just a ginger kitty. I'm chill for the most part & nap often. I'm not political. But this cat is pissed. This ""President"" is stepping on my tail. hiss",2009/7/6 22:49,1701,,,,,,,,,00:12.4
2020/10/15 00:01,1.32E+18,@RealJamesWoods #BidenCrimeFamily #JoeBiden #HunterBiden #HunterBidenEmails https://t.co/ottX1yP37j,0,0,Twitter for Android,1.30E+18,Sam KEYS,SamKEYS65729181,Patriot,2020/9/1 16:45,29,"Los Angeles, CA",34.0536909,-118.242766,Los Angeles,United States of America,North America,California,CA,00:12.9
2020/10/15 00:01,1.32E+18,VOTE FOR #JoeBiden https://t.co/IIROoL5U0O,9,5,Twitter for iPhone,278714232,FedUpInAmerica ğŸ´â€â˜ ï¸,bvroman1955,VOTE: Your life depends on it!#TrumpLiesAmericansDie #DumpTrump #DitchMitch #VoteBlue2020 #BLMğŸŒˆ#LincolnVoter ğŸ‡ºğŸ‡¸ No DM #JoeBidenKamalaHarris ğŸ‡ºğŸ‡¸â˜®ï¸,2011/4/7 20:36,1312,"Florida, USA",27.7567667,-81.4639835,,United States of America,North America,Florida,FL,00:13.5
2020/10/15 00:02,1.32E+18,#Trump is tearing up #Biden at the #TrumpRally over the #HunterBidenEmails,0,1,Twitter Web App,138870199,BIBLE MAN âœï¸ Jesus' Rapture The Last Day John 6:40,acceptjesusnow,Jesus' #Rapture Prophecy The Last Day. This is the only correct explication of the Rapture ever published. https://t.co/qvS2JBo4l4,2010/4/30 21:28,2589,"Hemet, California  ",33.7475203,-116.9719684,,United States of America,North America,California,CA,00:14.0
2020/10/15 00:02,1.32E+18,"#Trump #Obama #Clinton #Biden

#ManWomanPersonCameraTV

#RockPaperScissors

#HandsFaceSpace

#VoteJoeBiden 

#USElection #USElection2020

#Pence vs #Harris

#DrugsTest #TrumpDrugs #BidenDrugs

#InjectDisinfectant #PowerfulLight through the skin or some other way ğŸ˜³ğŸ™†ğŸ½â€â™‚ï¸ğŸ¤·ğŸ½â€â™‚ï¸ğŸ¤¦ğŸ½â€â™‚ï¸ https://t.co/tBqSpgWoR0",0,0,Twitter for iPhone,132163121,Saroop Rooprai FIA,roshannnikhil,ğŸŒ¶G20 YEA UK DELEGATE ğŸŒ¶ACTUARY ğŸŒ¶ CORPORATE FINANCE ğŸŒ¶KPMG Veteran ğŸŒ¶REAL ESTATE ğŸŒ¶BRAND AMBASSADOR ğŸŒ¶NED ğŸŒ¶PENSION TRUSTEE ğŸŒ¶CHEF ğŸŒ¶LFC YNWA,2010/4/12 13:11,841,"London, UK",51.5073219,-0.1276474,London,United Kingdom,Europe,England,ENG,00:14.5
2020/10/15 00:02,1.32E+18,Come on @ABC PLEASE DO THE RIGHT THING. Move the #biden town hall.  I bet a requirement for Orange Monkey to do the NBC town hall was to have it opposite Biden.  PLEASE MOVE YOURS.,0,0,Twitter Web App,334322367,Elphygirl,Elphygirl,"#imwithher - forever. Mother, Wife. Daughter. Keep your religion out of my body. #Resist",2011/7/12 22:32,166,"New York, NY",40.7127281,-74.0060152,New York,United States of America,North America,New York,NY,00:15.0
2020/10/15 00:02,1.32E+18,"If the actions of Facebook and Twitter over the #NewYorkPost expose on #Biden and his son doesn't convince you that the corporate media is manufactured news/MIC/thought control bullshit, nothing will.",0,0,Twitter Web App,1.22E+18,SqueakyJ7720,JT70006955,#WearAMask and save lives!  #ACAB #Medicare4All #FreeCollege #Reparations #Lakers #blackempowerment,2020/1/23 06:32,85,,,,,,,,,00:15.5
2020/10/15 00:02,1.32E+18,"#Omg...he'll probably be whispering in #Biden's ear, 
""Don't f*ck this up...#China is counting on us..."" 

#NoTPP #StopTPP #NoCPTPP #StopCPTPP

https://t.co/eqI3atGiw9 https://t.co/8ySX3OWubx https://t.co/QBpLJIBwfT",0,0,Twitter Web App,2281727857,â³Elizabeth MuellerâŒ›ï¸,LizActivate,"Once #StopTPPCallTeam & #WeStoppedTPP (in USA). Now, we're #StopCPTPPCallTeam! We call Congress, DAILY, & say:#StopCPTPP!",2014/1/8 06:51,3313,,,,,,,,,00:16.1
2020/10/15 00:02,1.32E+18,"@MaryBriggs1 God forbid that Biden should get anything, no control, nothing! 
If you watch #Biden, he gets out of control on every slightest questions!
How can a person like him, be a Commander in Chief of the United States of America?
How?",1,1,Twitter for Android,3385804869,@egoyibonwaiwu,egoyibo55,Retired London business woman,2015/7/21 13:20,2464,"England, United Kingdom",52.7954791,-0.5402403,,United Kingdom,Europe,England,ENG,00:16.6
2020/10/15 00:02,1.32E+18,"@TwitterSafety You donâ€™t usually bother, why the huge effort in response to the #Biden @nypost story?",1,0,Twitter for iPhone,3909089596,Steve in London #LetsGetGoing,LordCLQTR,"Conservative, gay (most of the time), pro #Brexit.",2015/10/9 12:54,621,United Kingdom,54.7023545,-3.2765753,,United Kingdom,Europe,,,00:17.1
2020/10/15 00:02,1.32E+18,"#realDonaldTrump addresses #JoeBiden and #HunterBiden corruption, more proof of which discovered on a laptop.
#ObamaBidenGate #NYPost #MSNBC #CBS #NBC #ABC #FoxNews #KamalaHarris https://t.co/7RtMOdoXGd",0,1,Twitter for iPhone,3381891372,Truth Hurts,TheTruthSekr,"You are only a victim of yourself and your poor choices. No one owes you anything. Ask Mr Denny, donâ€™t brake for protesters.   Democrats are the enemy within.",2015/8/29 13:25,411,"Minneapolis, MN",44.9772995,-93.2654692,Minneapolis,United States of America,North America,Minnesota,MN,00:17.6
2020/10/15 00:02,1.32E+18,#unflatteringdogphotochallenge #HunterBiden #CNN #Biden #ChickenTrump #AmericaFirst #bachelorette #90DayFiance #BigBrother #coronavirus #BidenHarris2020 #JoeBiden https://t.co/mnalZeTKmM https://t.co/hWV9PBbiJX,0,0,Twitter for iPhone,4498088794,Tony Baloney,tony_baloney2,,2015/12/16 01:51,5,,,,,,,,,00:18.1
2020/10/15 00:02,1.32E+18,A simple question. Who are you voting for? #2020Election #DonaldTrump #JoeBiden #uspoli #mapoli,1,1,Twitter for Android,8.96E+17,John MacDonald for the People,jmac4thepeople,"Father, veteran, veteran's advocate, former candidate for MA State Senate, weekly columnist for the Lowell Sun, Fitchburg Sentinel , an American Patriot .",2017/8/10 19:22,1253,"Lowell, MA",42.6334247,-71.3161718,Lowell,United States of America,North America,Massachusetts,MA,00:19.2
2020/10/15 00:02,1.32E+18,"@Twitter, since you are censoring free speech, in regards to the #JoeBiden email scandal, I opened up a @parler_app account. I wouldn't have done it without your motivation!
@JoeBiden #Parler #censorship #Twitter #Conservative",0,0,Twitter for Android,1.25E+18,Gen X James,GenXJames1,"I'm a non apologetic, non Millennial.
I am a patriotic American.
I love my girlfriend, animals, the outdoors, guns, photography, God, and freedom.",2020/4/18 07:30,29,"Minnesota, USA",45.9896587,-94.6113288,,United States of America,North America,Minnesota,MN,00:19.7
2020/10/15 00:02,1.32E+18,@Timodc OH BARF! Video of #Biden bragging about withholding the money to #Ukraine unless they complied. Fact not your crap.,0,0,Twitter for iPhone,366243436,GrammyNoFilter,pitphx,,2011/9/1 20:45,202,,,,,,,,,00:20.7
2020/10/15 00:02,1.32E+18,#Biden https://t.co/WAFPpbahqX,0,0,Twitter for iPhone,1.28E+18,one_middleman,one_middleman,Libertarian Patriot,2020/6/25 00:11,6,,,,,,,,,00:20.2
2020/10/15 00:02,1.32E+18,"@Twitter blocking people from their account because Hunter Biden introduced his Dad @JoeBiden to the Ukraine dude... $$$$
#JoeBiden has some explaining to do https://t.co/wnebC1y8L7",0,0,Twitter for iPhone,73915832,Anna Moro ğŸ‡»ğŸ‡¦ğŸ‡§ğŸ‡·ğŸ‡ºğŸ‡¸,acmtilim,Roman CatholicğŸ‡»ğŸ‡¦âšœï¸ Wife- Mother- love beagles & cats. Shop local/ small business. Blocking anyone using *latinxâ€ in a non sarcastic way.,2009/9/13 16:23,473,,,,,,,,,00:21.2
2020/10/15 00:02,1.32E+18,Has this awoken you from your slumbers yet @BBCJonSopel. Getting to the point where even you may have to file a negative story about #Biden! https://t.co/Y54y25n6dU,1,0,Twitter for iPhone,56670976,malcolm cowing,MalcolmCowing,Retired former Managing Partner of marcoms agency.,2009/7/14 11:36,1349,"Yorkshire, England",38.7930988,-77.4479432,,United States of America,North America,Virginia,VA,00:21.7
2020/10/15 00:02,1.32E+18,"Since Twitter is censoring news, hereâ€™s the screen shot... #censorship #biden #BidenHarris2020 #NYPost https://t.co/03TJVAh7xE",941,608,Twitter for iPhone,23171537,Jeff,jeff4cy,"Father, husband, Lutheran, Iowan, farm kid, Cyclone.",2009/3/7 06:13,346,,,,,,,,,00:22.3
2020/10/15 00:02,1.32E+18,@jolenebuntinguk @realDonaldTrump amazing what you can do these days... time well spent (NOT) #VOTE #maskupUAS #FoxNews '#CNN #JoeBiden #TrumpIsALaughingStock,0,0,Twitter Web App,396415192,Billy Rennie,BillyBillyboy67,"Glasgow lad, love poker and my guitar.  Glasgow Rangers man but NO BIGOT. So hi to all the twits out there l ;-)ğŸ˜€ğŸ˜€ğŸ˜€",2011/10/23 07:22,21,Scotland,56.7861112,-4.1140518,,United Kingdom,Europe,Scotland,SCT,00:22.8
2020/10/15 00:02,1.32E+18,@heffnera While you have the tar &amp; feathers out why don't you question @JoeBiden about the quid pro quo with the Ukrainians.The #media and Democrats are suppressing the story and hiding the government corruption by #JoeBiden . Do you support corruption? If not let's tar and feather #Biden,0,0,Twitter Web App,1.26E+18,Wes Bledsoe,bledsoe_wes,,2020/5/12 14:11,45,,,,,,,,,00:23.3
2020/10/15 00:02,1.32E+18,@ThePlumLineGS #twitter lies here is #JoeBiden https://t.co/khrZuHsrQI,0,0,Twitter Web App,9.33E+17,4u2,whipit_Studio,,2017/11/22 03:09,11,,,,,,,,,00:24.3
2020/10/15 00:02,1.32E+18,Hunter Biden emails demonstrate the crooked Biden family. #Biden,0,0,Twitter for iPhone,304587787,Mames,Mame2go,"Drats,Drats & Double Drats! Love Ya, Mean it!",2011/5/24 19:28,45,Florida,27.7567667,-81.4639835,,United States of America,North America,Florida,FL,00:24.9
2020/10/15 00:02,1.32E+18,#Twitter #HunterBiden #BigTechCensorship #bigtech #BigTechCoup #JoeBiden #Biden https://t.co/VMgtbVEkTT,0,0,Twitter for Android,1050210018,knock knock,pengyanong,,2012/12/31 12:19,36,,,,,,,,,00:25.9
2020/10/15 00:02,1.32E+18,"@ABC @CBSNews @CNN @NBCNews all ignoring BIDEN family shady dealings with China. #Biden
NY Post exposes Biden crimes. Senate Homeland Security Committee Investigating Hunter Biden Emails https://t.co/PLrGGuEB5L @GOP @TrumpWarRoom @realDonaldTrump",0,0,Twitter for Android,249508009,J. Sittler,datacrown,The past 4 years have proved that liberals & Democrats are the most vile vulgar violent divisive intolerant hypocritical HATEFUL beings out there.,2011/2/9 05:33,3272,,,,,,,,,00:26.4
2020/10/15 00:03,1.32E+18,"@ProjectLincoln @nypost VOTE wisely.
and by wisely I mean for JOEâ€¦ or elseâ€¦.

#JoeBiden @JoeBiden https://t.co/zitXBdRmWO",39,9,Twitter Web App,54361678,Ginger Kitty,icecreamonacone,"I'm just a ginger kitty. I'm chill for the most part & nap often. I'm not political. But this cat is pissed. This ""President"" is stepping on my tail. hiss",2009/7/6 22:49,1701,,,,,,,,,00:26.9
2020/10/15 00:03,1.32E+18,"Hunter #Biden introduced his father, then-Vice President Joe Biden, to a top executive at a Ukrainian energy firm less than a year before the elder BidenÂ pressured government officials in UkraineÂ into firing a prosecutor who was investigating the company, according to emails",1,0,Twitter for Android,193687333,Gaminglawyer,GamingLawyer,"Legal & Business Services 4 Online Gaming & Gambling, Sports Gambling, Online Privacy and Litigation
Retweets are NOT endorsements",2010/9/22 13:10,2418,"New York, USA",40.7127281,-74.0060152,New York,United States of America,North America,New York,NY,00:27.4
2020/10/15 00:03,1.32E+18,@seeknmeann I guess #beaubiden was just as crooked as his father #joebiden. #democRat party is circling the drain. America loves and backs you Larry Sinclair,1,0,Twitter for iPhone,1.27E+18,SAL,SAL75292573,Nothing to say here.,2020/5/29 14:44,1,,,,,,,,,00:28.5
2020/10/15 00:03,1.32E+18,"Hunter #Biden introduced Ukrainian businessman to VP dad

That is real! Twitter and Facebook literally block every1 from posting this story and link to it &amp; this is mainstream #NewYorkPost!

I hate Trump, but censorship is never a progress - be it from right - be it from left.",1,2,Twitter for iPhone,2964580733,Adam K.PawÅ‚owskiğŸ‡µğŸ‡±,adpaw13,"Rationalist, Empiricist, Agnostic, Deist, Freethinker, Religious Sceptic, Proud Polish Citizen, For-EU Change, Democracy, Human Rights, Secularism, Science",2015/1/6 17:25,4345,"Poland, Warsaw",52.2319581,21.0067249,Warsaw,Poland,Europe,Masovian Voivodeship,MA,00:28.0
2020/10/15 00:03,1.32E+18,"This is from the same night I met the cast of #TWW and I was wearing the same shirt as @AllisonBJanney ğŸ˜

#VOTE #voteblue #JoeBiden #LoveTrumpsHate https://t.co/aESuB1ipBq",0,0,Twitter for iPhone,558180437,ğŸ¦© Hannah for Biden/HarrisğŸ¦©,CarlsonHannahM,Band Director â€¢ BME Furman University â€¢ MM x2 Butler University â€¢ Percussionist â€¢ Gator Sports Fan â€¢ Leonard Bernstein aficionado â€¢ she/her â€¢ FL-SC-IN-NC,2012/4/20 00:28,133,"Indianapolis, IN",39.7683331,-86.1583502,Indianapolis,United States of America,North America,Indiana,IN,00:29.0
2020/10/15 00:03,1.32E+18,What a load of crap from #Twitter attempting to justify their censorship of @nypost #UkraineGate article especially when they acted in step with @Facebook to suppress this information. Both stepped in ğŸ’© by putting their thumbs on the scale for #Biden &amp; must pay the price! https://t.co/ImOD7zUULN,1,1,Twitter for iPhone,7.57E+17,S Ram,SRAMTH,,2016/7/23 01:14,25,,,,,,,,,00:29.5
2020/10/15 00:03,1.32E+18,"@Jbeckner121105 @nbc Thinking of watching the #SteamingPileOfTrump town hall Thursday?
Please reconsider.
#JoeBiden has a previously announced town hall on 
@ABC @ the same time on Thursday.
#Boycott @MSNBC, @CNBC &amp; the #TrumpTownHall.
Watch #ABC instead.
#BoycottMSNBC #BoycottNBC #Resist #MeToo https://t.co/yEZnETmGFQ",1,0,Twitter Web App,3121635535,#Register AND #Vote!,GOPUggh,"Retweet
Likes Are Like Kissing Your Sister 
#RegisterWith2Friends #VoteWith2Friends
#VetsForGunReform
No Lists",2015/3/31 20:46,1404,,,,,,,,,00:30.0
2020/10/15 00:03,1.32E+18,"Video from The Recount. Trump's Stupid History With Hurricanes.

#JoeBiden #Biden2020 #BlueWave2020 #TrumpMadeInChina #VoteOutRacism #TrumpHoaxedAmerica #VotingForMyAmerica #AmericasGreatestMistake #TrumpHatesWomen #YesWeCan #TrumpIsACompleteFailure 

https://t.co/uACk92IkCz",1,0,Twitter Web App,1.22E+18,John & Mike,ProgPolAdvisor,John & Mike.,2020/1/13 16:35,5669,,,,,,,,,00:30.6
2020/10/15 00:03,1.32E+18,#Biden #BidenHarris2020 #BidenHarris  https://t.co/9s9zwfRDOv,1,1,Twitter for iPhone,23171537,Jeff,jeff4cy,"Father, husband, Lutheran, Iowan, farm kid, Cyclone.",2009/3/7 06:13,346,,,,,,,,,00:31.1
2020/10/15 00:03,1.32E+18,#Biden supporters are the like the #stormarea51 fokes. For the good of all Americans hopefully they can be found and they #TrumpPence2020 #VoteTrump2020ToSaveAmerica. https://t.co/uLpc2QYbc0,1,0,Twitter for Android,1.31E+18,Mike Brown,MikeBro66749656,Political Consultant,2020/9/27 21:25,2,,,,,,,,,00:31.6
2020/10/15 00:03,1.32E+18,"@realDonaldTrump #TrumpIsALaughingStock @realDonaldTrump at his Iowa cult rally compared #JoeBiden to Putin, XI, and Kim Jong-un.  In the same sentence he called @JoeBiden â€œshotâ€ and all 3 communist leaders â€œSHARPâ€

#TrumpIsANationalDisgrace",0,0,Twitter for iPhone,9.15E+17,ÃŸrauntekâˆJohnâ˜»,bocatek,IT Specialist|Former Firefighter| Online Privacy Advocate|American|Patriot|#BidenHarris2020|https://t.co/adCaF3vMIs,2017/10/2 03:32,295,"Boca Raton, Florida USA",26.3586885,-80.0830984,Boca Raton,United States of America,North America,Florida,FL,00:32.1
2020/10/15 00:03,1.32E+18,@ThePlumLineGS is #JoeBiden a liar .blocking people who state facts is dishonest https://t.co/khrZuHsrQI,1,0,Twitter Web App,9.33E+17,4u2,whipit_Studio,,2017/11/22 03:09,11,,,,,,,,,00:32.6
2020/10/15 00:03,1.32E+18,#JoeBiden You will NOT be elected President because YOU ARE NOT ONE OF US!,0,0,Twitter Web App,1.30E+18,Ed Able,EdAble3,,2020/9/9 17:44,4,,,,,,,,,00:33.1
2020/10/15 00:03,1.32E+18,"Biden, Bush Bombshells https://t.co/BSJiRQHRwq nasty lying GUILTY Hunter Biden...wow! Court documents expose the slime the #Bidenâ€™s are...",0,0,Twitter for iPhone,11233922,beckyblanton,beckyblanton,"TEDGlobal 2009 Speaker, Ghostwriter. Issues, not labels. My Tweets are my own, not those of clients or organizations.",2007/12/16 21:07,1635,USA,39.7837304,-100.4458825,,United States,North America,,,00:33.7
2020/10/15 00:04,1.32E+18,"@TwitterSafety @Twitter @RecIaimTheNet This is serious interference and censorship in an ongoing democratic election Twitter! What proofs do you have that this is ""Hacked Materials""?
#news #politics #censorship #Election2020 #election #Biden  #Trump https://t.co/cYQmAyVizU",0,0,Twitter Web App,2899706427,Make More,Make__More,,2014/11/30 20:48,14,,,,,,,,,00:34.2
2020/10/15 00:04,1.32E+18,#Biden @JoeBiden Losers x2. https://t.co/sCOEt7QdIk,0,0,Twitter for iPhone,1.24E+18,Bevmaxn,bevmaxn,,2020/3/22 23:44,36,,,,,,,,,00:34.7
2020/10/15 00:04,1.32E+18,"@BreitbartNews And what the F is this.

#WashingtonPost confirms...there is an ACTUAL VIDEO OF #JoeBiden saying he literally did this. 

#TwitterIsTheDNC https://t.co/GPMSYhmGxF",1,0,Twitter Web App,7.55E+17,_____________,BlackGirlDreams,BLM: DONATE PLEASE TO HELP $Dreamsdept,2016/7/18 03:56,87,,,,,,,,,00:35.2
2020/10/15 00:04,1.32E+18,"Some where in the shadows, Hillary is firing up her suicide machine. #Biden #HunterBiden #HunterBidenEmails",1,0,Twitter for Android,3026998724,TxBetoGutsâ˜ ğŸ¤ ğŸ¦‡ğŸ¦’,TxBetoGuts,ğŸš«ğŸ¥¾ğŸTexas hombre that does Texas stuff in Texas.ğŸ”” I also heart unicorns and blownin stuff up.ğŸ¦” I'm not a real Libertarian ğŸ¦„ğŸ”¥ğŸ’£ğŸ’¥,2015/2/18 19:10,790,,,,,,,,,00:35.7
2020/10/15 00:04,1.32E+18,These are #Biden people with bats. https://t.co/1UCaX1HvhC,0,0,Twitter for Android,118041608,John Carr,UtleyYATM,,2010/2/27 12:06,151,"Garnet Valley, Pa.",35.0634594,-82.0335105,,United States of America,North America,South Carolina,SC,00:36.2
2020/10/15 00:04,1.32E+18,"â€œDear Hunter, thank you for inviting me to DC and giving an opportunity to meet your father and spent [sic] some time together. Itâ€™s realty [sic] an honor and pleasure,â€ -Vadym Pozharskyi, an adviser to the board of Burisma #JoeBiden #Corruption #BidenHarris #HunterBiden https://t.co/JuuFL2yu3x",1,1,Twitter for iPhone,178098133,DJ RealNiceMike,RealNiceMike,,2010/8/13 21:40,16," Deltona, FL 32725",,,,,,,,00:36.8
2020/10/15 00:04,1.32E+18,TWITTER is so corrupt!!!!  We see you @Twitter #Corruption #Biden #HunterBiden #HunterBidenEmails #hunterscrackpipe #ObamaBidenGate #FakeNews,1,0,Twitter for iPhone,1.19E+18,Nicholas,Nichola34778500,,2019/10/21 21:07,1,,,,,,,,,00:37.3
2020/10/15 00:04,1.32E+18,@roinnslainte @CMOIreland @ronan_glynn @lieabh @maddow @Lawrence @RepKatiePorter @drsanjaygupta @KamalaHarris @JoeBiden @VP @realDonaldTrump @Yamiche @CDCDirector.  Why arenâ€™t we having ads like this in the US.  Ireland has an uptick in cases and they arenâ€™t advocating 2-6 million ppl die using idiotic â€œherd immunityâ€! #Biden,0,0,Twitter for iPhone,1025741330,Darlene Cullington,dacullington,"beach lover, mother of two wonderful sons and a patient hubby, dogs make my life fulfilled, (our cat just meows for food a lot), movies are a must!",2012/12/21 05:50,763,,,,,,,,,00:37.8
2020/10/15 00:04,1.32E+18,The reason why Twitter has locked the New York Post account is because the Post is reporting on explosive new revelations that prove #JoeBiden lied to coverup his corrupt and illegal activity as Vice President. https://t.co/VEaoC6PrTU,0,0,Twitter for iPhone,3112087310,Complete Christianity,ShaneSchaetzel,"Catholic Convert & Apologist, Catechist, Author, Columnist and Blogger: https://t.co/AwlyumNyEY (Parler: @ShaneSchaetzel)",2015/3/28 03:51,687,The Ozarks,35.4787003,-93.4655306,,United States of America,North America,Arkansas,AR,00:38.3
2020/10/15 00:04,1.32E+18,"State of the race in SOUTH CAROLINA as of 10/14/2020

Polling Average:

Trump 51.0% (-0.1% from yesterday)
Biden 43.8% (-0.2% from yesterday)

Win probabiity:

Trump: 88.7% (+0.3% from yesterday)
Biden: 11.3%
 
Source: FiveThirtyEight

#ElectionTwitter
#Election2020
#Biden #Trump",1,0,,1.30E+18,Election Poll Average Bot,ElectionRobot,beep boop,2020/9/11 02:44,128,,,,,,,,,00:38.8
2020/10/15 00:04,1.32E+18,"Powerful actors are trying to twist the arms of Americans into voting for #Biden but don't seem to understand human behavior. Forcefully blindfolding and leading voters away from a media story about Biden only makes him look really, really bad. https://t.co/6EP7mglTe6",0,0,Twitter Web App,92361181,Harry J. Bentham,hjbentham,"Independent author via @amazon and former columnist for @Beliefnet and @PressTV. Interested in politics, futurism, sci fi. Author of the @CatalystThesis.",2009/11/24 20:45,1049,United Kingdom,54.7023545,-3.2765753,,United Kingdom,Europe,,,00:39.4
2020/10/15 00:05,1.32E+18,"Uh oh Joe... Things really seem to be unwinding fast now.

#BidenHarrisToSaveAmerica
#BidenHarrisLandslide2020
#BidenHarris #Biden #JoeHidin
#HeelsUpHarris ğŸ‘ #HarrisBiden2020
#TrumpCovid19 #Trump2020
#Trump2020Landslide ğŸ‡ºğŸ‡¸#KAG2020 ğŸ•¶",1,0,Twitter for iPhone,1.30E+18,Support Our President,SupportOurPres,Married my high school sweetheart. Trump has done great things for our country. Parlor @SupportOurPres #Family #1a #2a #Trump2020 #NotSoSilentMajority #ProLife,2020/8/29 21:14,317,United States,39.7837304,-100.4458825,,United States,North America,,,00:39.9
2020/10/15 00:05,1.32E+18,"Laptop computer abandoned at Delaware repair shop contains #emails between #HunterBiden &amp; senior #Burisma #adviser indicating Hunter arranged a meeting between then VP #JoeBiden &amp; the adviser in Washington, DC in 2015.
Joe Biden Calls a Lid &amp; Hides https://t.co/X1ynqJzbUN",1,1,Twitter Web App,91145973,H L Wegley,hlwegley,Meteorologist & Comp Sci guy who writes novels with a climate of suspense & a forecast of stormy weather https://t.co/ZRp4fIyw7m https://t.co/laLtgbcKrx #ChristFic #Cleanbooks,2009/11/19 17:13,3313,Seattle area,47.6038321,-122.3300624,Seattle,United States of America,North America,Washington,WA,00:40.4
2020/10/15 00:05,1.32E+18,"For 30+ Years the @GOP Has Wanted to Destroy #SocialSecurity...4 the 1st Time in My Generation, the GOP Has a President Willing to Go All the Way 2 Abolish the Program that Helps #Seniors..This is One of the Reasons I Voted 4 #JoeBiden! #Florida #Virginia #NorthCarolina #PA #Ohio",0,1,TwInbox,212006850,Powered By Tank4u INC,PartesanJournal,Politically Independent Christian Enthusiast (PICE) #Prolife #ProUSA  #Redskins #Spurs #Celtics ğŸˆğŸ€...Pragmatic American With a â˜•ï¸ of Sarcasm...Opinions My Own,2010/11/4 21:52,442,Virginia USA,,,,,,,,00:40.9
2020/10/15 00:05,1.32E+18,"#HunterBiden &amp; #JoeBiden are so busted! Emails released! #WakeUpAmerica 

#KAG #Trump2020",2,2,Twitter for Android,1.14E+18,America For Trump,RealRedDebate,#PresidentTrump = #MAGA ğŸ‘ #GodBlessAmerica ğŸ‡ºğŸ‡¸ #AmericaFirst #Trump2020 #Trump2020LandslideVictory #Winning #KAG #WakeUpAmerica #Faith #Jesus ğŸ•† #LifeIsGood,2019/6/23 00:32,2045,#America,,,,,,,,00:41.4
2020/10/15 00:05,1.32E+18,"HOYL!!

https://t.co/4MoM2dcnhN

#IceCube #JoeBiden",0,0,Twitter Web App,1.29E+18,LordyHotdog,LordyHotdog,,2020/8/4 03:29,4,,,,,,,,,00:41.9
2020/10/15 00:05,1.32E+18,"Five cents says this gal is named Karen and voting for Trump, lol. #biden https://t.co/sYwYcmmkcA",1,0,Twitter for Android,1.17E+18,Nic,aggressivemew,"20| sometimes I play video games| â™¡ love my fiance, daughter, and 6 cats| â™¡ acab â™¡",2019/9/14 22:53,11,,,,,,,,,00:42.5
2020/10/15 00:05,1.32E+18,#twittet and #facebook run for #biden at #PresidentialElection2020 #USElection2020. just to know. are you a sheep? https://t.co/yUK7cBdCki,0,0,Twitter for Android,2330388670,carlo martinuzzi,Carlomrtz,fintech e crypto banker italiano. Avvicino patrimoni aziendali e personali alla finanza del prossimo futuro #crowdfunding #bitcoin #cryptocurrencies #P2Plending,2014/2/7 16:31,1086,,,,,,,,,00:43.0
2020/10/15 00:05,1.32E+18,#Biden lied https://t.co/Lqy0TBpXkg,3,0,Twitter for iPhone,505200629,Todd Nelon,ToddNelon,The Roof Troop,2012/2/27 00:44,106,"Atlanta, GA",33.7490987,-84.3901849,Atlanta,United States of America,North America,Georgia,GA,00:44.0
2020/10/15 00:05,1.32E+18,"Who is leading? Trump or baiden!
Follow the link to know! 
https://t.co/2kaIBbxqAr
#USA #USPresidentialElections2020 #USElection #USElection2020 #TrumpCovid19 #trump #JoeBiden #USElectionDialogues #Election2020 #Elections2020 #ElectionDay #Trump2020",0,0,Twitter for Android,1.31E+18,The Guardian English,GuardianEnglish,"News, sports, entertainment, magazine website.",2020/9/17 14:46,15,,,,,,,,,00:43.5
2020/10/15 00:05,1.32E+18,"Biden for (p)resident
Trump fo(u)r more years

#DonaldTrump #JoeBiden #Election2020 https://t.co/0iUphtSbR9",2,1,Twitter Web App,1.16E+18,Pansan Pen åŠå±±ç­†è«‡,PansanPen,life is not worth living without freedom,2019/8/7 01:29,242,,,,,,,,,00:44.5
2020/10/15 00:05,1.32E+18,"Not so much as there r automated digital forensic progs that do this sort of analysis vy quickly (e.g. #Encase) &amp; if u r just looking 4 a high-lvl characterization of drive &amp; file content (overt data), keyword, images, email &amp; doc parsing helps w/ triaging high-value info. #Biden https://t.co/mUmWKBKH77",0,0,Twitter Web App,299141309,Dan Garrett,DanGarrett97,"Author, Documentary Photographer, Political Scientist, Visual Sociologist, PhD; Former Career NatSec Professional; Securing Tianxia LLC; Opinions My Own.",2011/5/15 15:40,5681,"Counter-hegemonic Resistance in China's Hong Kong
Visualizing Protest in the City https://www.springer.com/gp/book/9789812872357",22.2793278,114.1628131,Hong Kong Island,China,Asia,Hong Kong,,00:45.1
2020/10/15 00:05,1.32E+18,"ğŸš¨WE'RE NOW LIVING IN COMMUNIST CHINA! ğŸš¨

Can't even tweet about the #NYPost's bombshell #Hunter #Biden story! 

â¦@jackâ© You're an absolute disgrace! This is a direct assault on our freedom of speech! 

#HunterBidenEmails 
#TwitterCensorship 
#MAGA2020 
#Trump2020 https://t.co/Ee3NriP3ye",374,225,Twitter for iPhone,867438710,The Beer Legend,thebeerlegend,Iâ€™m a political junkie who loves to dunk on fools on Twitter and drink ice cold beers! ğŸ€ğŸº # DOES NOT = ENDORSEMENT,2012/10/8 04:55,1535,,,,,,,,,00:45.6
2020/10/15 00:05,1.32E+18,https://t.co/tYkBnbstJw.   #biden #HunterBiden #HunterBidenEmails  #BidenHarris,4,2,Twitter for iPhone,555507247,g,gatsbygabe,,2012/4/16 23:33,8,USA,39.7837304,-100.4458825,,United States,North America,,,00:46.1
2020/10/15 00:05,1.32E+18,"Twitter, please fact check this picture of Hunter Biden passed out with a crack pipe in his mouth... #Biden #HunterBiden https://t.co/tmPVG3lTCx",6,0,Twitter for Android,912887172,Joshua Solomon,solnet99,,2012/10/29 17:37,18,,,,,,,,,00:46.6
2020/10/15 00:05,1.32E+18,@TwitterSafety Skip it. You hacks are covering for #JoeBiden plain and simple. #HunterBiden #BurismaBoys,9,4,Twitter Web App,18037344,Keith James,BlackMagic63,"Freedom is never more than one generation away from extinction. We didn't pass it to our children in the bloodstream. It must be fought for, protected-R. Reagan",2008/12/11 01:47,7081,The Great Southwest!,,,,,,,,00:47.1
2020/10/15 00:05,1.32E+18,"Vice President #Biden is 77 years young.
I am willing to bet that he has a long list of things heâ€™d rather focus on and enjoy life, than cleaning up ğŸ§¹ the deadly mess left by spineless republicans and #DonTheCon 
His only motive is to #BuildBackBetter #VoteForDemocracy #Vote",0,0,Twitter for iPhone,51827092,Amir Mohammad Reza Estakhri,estakhriam,"Language Interpreter. San Diego, California. ğŸ‡ºğŸ‡¸ ğŸ‡®ğŸ‡¹ ğŸ‡®ğŸ‡·",2009/6/28 20:04,371,"San Diego, CA USA",32.7174209,-117.1627714,San Diego,United States of America,North America,California,CA,00:47.6
2020/10/15 00:05,1.32E+18,@Defeat_Trump2 I will still act as  IF #JoeBiden is 50 points behind.  And VOTE FOR HIM!,7,3,Twitter for Android,1.08E+18,Sleazy NYC landlord #POTUS,NycPotus,"NO DMs. Hate The Orange Traitor. Vehemently anti-MAGATs. Follow me so I can regain my followers. I MISS THEM
#ImpeachtheMF
suspended TWICE. 4 HATING THE GARBAGE",2018/12/18 23:01,4358,Las Vegas and Casablanca ,39.9282285,-3.748776,,Spain,Europe,Community of Madrid,MD,00:48.2
2020/10/15 00:05,1.32E+18,Twitter is censoring all information about the Biden crime family #HunterBiden #HunterBidenEmails #JoeBiden #Bidens #JoeBidenIsSick #bidenslaveowners #BidenHarris2020 #BigMikeObama,0,0,Twitter for iPhone,366417295,Darren MichelsğŸ‡ºğŸ‡¸,DarrenMichels,Combat Veteran USAF. ğŸ‡ºğŸ‡¸ Citizen Journalist. Scratch Golfer.,2011/9/2 04:11,315,United States,39.7837304,-100.4458825,,United States,North America,,,00:48.7
2020/10/15 00:06,1.32E+18,"Twazis says they blocked NY Post's #HunterBiden story cuz they block stories with stolen info.

Let's test their theory &amp; #Leftist agenda in protecting #Biden with the story by the #NYPost on STOLEN secret audio tapes of #Trump!

#LiberalPrivilege #MAGA
 https://t.co/bWriPoqI0d",19,16,Twitter for Android,1.26E+18,Shawn Hawkins,ArmedPatriot45,Pvt Mil Ctr VetğŸ‡ºğŸ‡¸4 languagesğŸ´ó §ó ¢ó ¥ó ®ó §ó ¿Born &Lived in Mid East & Eastern Europe fighting radical Islamistsâš”ï¸Constitutional HardlinerğŸ‡ºğŸ‡¸#MAGA #2A #NoSharia,2020/5/7 18:58,20614,"South Carolina, USA",33.6874388,-80.4363743,,United States of America,North America,South Carolina,SC,00:49.2
2020/10/15 00:06,1.32E+18,"@ShelbyKStewart @nbc @thedailybeast Thinking of watching the #SteamingPileOfTrump town hall Thursday?
Please reconsider.
#JoeBiden has a previously announced town hall on 
@ABC  @ the same time Thursday.
#Boycott the #TrumpTownHall on @MSNBC &amp; @CNBC
Watch #ABC instead.
#BoycottMSNBC #BoycottNBC #Resist #MeToo https://t.co/dc04eSljKx",0,0,Twitter Web App,3121635535,#Register AND #Vote!,GOPUggh,"Retweet
Likes Are Like Kissing Your Sister 
#RegisterWith2Friends #VoteWith2Friends
#VetsForGunReform
No Lists",2015/3/31 20:46,1404,,,,,,,,,00:50.2
2020/10/15 00:06,1.32E+18,@jack Youâ€™re not helping #Biden lmao. On the contrary.,0,0,Twitter for iPhone,1.28E+18,Aaron Watson,AaronWa54798122,No one in particular.,2020/6/26 19:33,569,Planet Earth ,34.2331373,-102.4107493,,United States of America,North America,Texas,TX,00:49.7
2020/10/15 00:06,1.32E+18,@JoeBiden Whereâ€™s #JoeBiden hiding out? https://t.co/GWfbafFRCD,0,0,Twitter for iPad,1.19E+18,Buck Fullerton,BuckFullerton,"Proud conservative husband, father, and CEO - on parole from Twitter jail. ğŸ’ªğŸ» Eternal vigilance is the price of Liberty #MAGA2020 ğŸ‡ºğŸ‡¸ #AmericaFirst ğŸ‡ºğŸ‡¸ #KAG",2019/11/2 00:01,868,"Ohio, USA",40.2253569,-82.6881395,,United States of America,North America,Ohio,OH,00:50.7
2020/10/15 00:06,1.32E+18,I still can't retweet this @nypost report on #HunterBiden allegedly selling access to his then VP daddy #Biden. Not #1A of @jack. https://t.co/1Le4ztTqOy,2,2,Twitter Web App,76978453,Tim Sumner an America ğŸ‡ºğŸ‡¸,SgtTim911,"Co-founded 9/11 Families for a Safe & Strong America. Retired US Army (MP). #MAGA Parler @ Sgtsumner ""If we lose freedom here, there is no place to escape to.""",2009/9/24 16:23,2058,U.S.A,31.1932768,30.0540191,,Egypt,Africa,Alexandria Governorate,,00:51.3
2020/10/15 00:06,1.32E+18,@JohnBro85286904 @jane3wallace @Anderology @JoeBiden Newly released info proves it. Bidens are corrupt to the core. Time for Hoe to step down #stepdownjoe #JoeBiden #Election2020,1,0,Twitter for Android,2265868639,Debbie,debc819,Mother of 2..looking to help keep our country on the right track. never socialism! Respect our flag and our country.,2013/12/28 12:50,439,Down South ,,,,,,,,00:51.8
2020/10/15 00:06,1.32E+18,"@MeidasTouch VOTE wisely.
and by wisely I mean for JOEâ€¦ or elseâ€¦.

#JoeBiden @JoeBiden https://t.co/qlHVgonEjt",202,51,Twitter Web App,54361678,Ginger Kitty,icecreamonacone,"I'm just a ginger kitty. I'm chill for the most part & nap often. I'm not political. But this cat is pissed. This ""President"" is stepping on my tail. hiss",2009/7/6 22:49,1701,,,,,,,,,00:52.3
2020/10/15 00:06,1.32E+18,"#HunterBiden #Cocaine #JoeBiden #KamalaHarris Far reaching implications for VP President 
https://t.co/qHeJcClUK1",1,2,Twitter for Android,1.21E+18,WTH...,WTH_inthe,,2020/1/5 23:25,44,,,,,,,,,00:52.8